Date_YYYY_MM,Gold_Price,US_M2_Money_Supply,US_CPI,Gold_Volume,Gold_Reserves_United States,Gold_Reserves_Germany,Gold_Reserves_Italy,Gold_Reserves_France,Gold_Reserves_Russia,Gold_Reserves_China,Gold_Reserves_Switzerland,Gold_Reserves_Japan,Gold_Reserves_India,Gold_Reserves_Netherlands,Exchange_Rate_USD_CNY,Exchange_Rate_USD_EUR,Silver_Price,Dollar_Index,SP500,NASDAQ,Bond_Rate,VIX_Fear_Index
2010-01,1116.8263003700658,8478.0,216.687,347218200,8214.300491270338,3392.470250227601,2476.15687520706,2461.1088543894616,2322.7478576102108,2257.6070963528264,1050.3316543826336,772.801713397684,767.9540288389949,618.5847483743877,6.826915789473684,1.4265736842105263,15.899999618530272,79.5,1073.8699951171875,2147.35009765625,3.588,20.643157894736845
2010-02,1098.1894788240131,8527.6,216.741,368010500,8111.008546128483,3349.811127718717,2445.02007172777,2430.1612744895187,2293.540118674728,2229.218479623238,1037.1241025356394,763.0840031348762,758.2972765077885,610.806262310653,6.8284631578947375,1.3679947368421053,16.06999969482422,81.33999633789062,1104.489990234375,2238.260009765625,3.619,22.54
2010-03,1114.3565249235733,8523.7,217.631,326092400,8238.859494492839,3402.6130113666804,2483.5600551543057,2468.467043969952,2329.692377375556,2264.3568591614057,1053.4719215924945,775.112225387093,770.2500472874352,620.4341845917335,6.826182608695651,1.357004347826087,17.139999389648438,82.23999786376953,1169.4300537109375,2397.9599609375,3.833,17.767391304347825
2010-04,1151.4523751395088,8555.1,218.009,274413100,8381.251266741892,3461.4201918132035,2526.483292038824,2511.1294291416143,2369.9563273350564,2303.4916188202897,1071.6790210132867,788.5084489224683,783.5622380562531,631.1571157409983,6.825550000000001,1.3416818181818182,18.26000022888184,82.70999908447266,1186.68994140625,2461.18994140625,3.659,17.424285714285716
2010-05,1203.9550048828123,8609.3,218.178,504968200,8095.4102705337555,3343.369107979337,2440.3180551170667,2425.487832822734,2289.129413069476,2224.9314709228693,1035.1296098057546,761.6165167532341,756.8389954772075,609.6316211596392,6.827450000000001,1.256315,18.030000686645508,87.45999908447266,1089.4100341796875,2257.0400390625,3.303,31.9295
2010-06,1234.6636408025568,8628.4,217.965,326007600,8095.412941213077,3343.37021095824,2440.3188601790403,2425.488632992211,2289.130168254252,2224.932204928716,1035.129951295457,761.6167680108498,756.8392451587168,609.6318222773725,6.818440909090909,1.2223363636363638,18.209999084472656,88.70999908447266,1030.7099609375,2109.239990234375,2.935,29.916363636363634
2010-07,1191.7476225353423,8639.8,218.011,275523100,8390.390548698588,3465.1946753714174,2529.2382796212205,2513.8676742021994,2372.540631087709,2306.0034465557046,1072.8476265625538,789.3682729285251,784.4166684982364,631.8453569899656,6.776233333333334,1.281057142857143,17.579999923706055,86.26000213623047,1101.5999755859375,2254.699951171875,2.905,25.565238095238094
2010-08,1217.4454512162642,8688.2,218.312,214805800,8258.338607391303,3410.65779997395,2489.431929378742,2474.3032338294543,2335.200462671575,2269.7104718709684,1055.9626423663804,776.9448210949561,772.0711473609574,621.9010754321231,6.787286363636364,1.2902909090909092,18.93000030517578,83.55999755859375,1049.3299560546875,2114.030029296875,2.47,24.74590909090909
2010-09,1273.038091750372,8718.9,218.439,269515300,8057.130601639961,3327.5597718041176,2428.778854011294,2414.0187573783023,2278.305117195764,2214.4107391536204,1030.234932772553,758.0151639976515,753.2602335387012,606.7489387722968,6.739647619047619,1.3102857142857145,21.309999465942383,83.22000122070312,1141.199951171875,2368.6201171875,2.512,22.517619047619046
2010-10,1343.2190406436011,8768.7,218.711,365035100,8221.758242290129,3395.550268848192,2478.404974297281,2463.343291404293,2324.8566768848677,2259.6567744286413,1051.285248906588,773.5033389070396,768.6512531428552,619.146360533928,6.667789999999999,1.390095,24.170000076293945,78.83000183105469,1183.260009765625,2507.409912109375,2.603,20.37333333333333
2010-11,1370.1857212611608,8789.3,218.803,407549300,8058.115843910196,3327.966672561473,2429.0758500152483,2414.3139484877065,2278.5837129660126,2214.6815217897406,1030.360911989501,758.1078556291981,753.3523437277081,606.8231332630473,6.65381,1.365425,27.440000534057617,81.44000244140625,1180.550048828125,2498.22998046875,2.797,20.095714285714287
2010-12,1393.954551003196,8822.9,219.179,305529800,8057.739740986727,3327.8113436956432,2428.962475803929,2414.201263270493,2278.4773627952754,2214.5781541773813,1030.3128211257388,758.0724718513609,753.3171819077036,606.7948105187644,6.649685714285714,1.3221333333333334,30.18000030517578,81.36000061035156,1257.6400146484375,2652.8701171875,3.288,17.56954545454545
2011-01,1361.679998779297,8845.2,220.223,353019800,8172.860002715646,3375.355509328349,2463.664861948512,2448.6927571915853,2311.0297805674945,2246.217649237174,1045.0328152485736,768.9029906040466,764.0797622259762,615.4640378266839,6.596415,1.337065,27.38999938964844,81.30999755859375,1286.1199951171875,2700.080078125,3.374,17.3155
2011-02,1373.805265727796,8909.0,221.309,238786500,7822.266702601516,3230.5620066034,2357.9803899229605,2343.650547435868,2211.892935306231,2149.86106682184,1000.2037709111178,735.9191591357571,731.3028340392442,589.062317002942,6.576126315789473,1.365589473684211,33.11000061035156,78.87000274658203,1327.219970703125,2782.27001953125,3.422,17.43
2011-03,1422.6173891813858,8967.0,223.467,306448400,7852.907616185104,3243.216570176109,2367.216929164891,2352.83095467898,2220.5572295400657,2158.2823735440074,1004.1217090837288,738.8018574912205,734.1674496031418,591.3697565517153,6.564460869565217,1.4019826086956524,36.77000045776367,77.37999725341797,1325.8299560546875,2781.070068359375,3.47,20.72347826086957
2011-04,1481.8650024414062,9030.4,224.906,303490300,8042.032687618371,3321.3243992105326,2424.22766871614,2409.4952303998534,2274.035898229974,2210.261249142695,1028.304419391788,756.5947516524961,751.8487312553033,605.6119777667981,6.526685714285714,1.4459761904761903,46.880001068115234,76.61000061035156,1363.6099853515625,2873.5400390625,3.29,16.244
2011-05,1511.0142880394346,9102.7,225.964,382778500,7968.742761655199,3291.0559796736925,2402.134813183281,2387.536636857141,2253.3117941268574,2190.1183462720887,1018.933112697044,749.699632534402,744.996864321954,600.0928187759033,6.495680952380953,1.433452380952381,37.59999847412109,76.37000274658203,1345.199951171875,2835.300048828125,3.059,16.91142857142857
2011-06,1527.9954556551847,9176.7,225.722,291338100,8184.618613593273,3380.211764298416,2467.209432201142,2452.2157864960286,2314.354748804717,2249.4493697456696,1046.5363445179817,770.0092411780381,765.1790734341089,616.3495298242921,6.47455,1.4402863636363636,33.84000015258789,76.0199966430664,1320.6400146484375,2773.52001953125,3.16,19.153181818181817
2011-07,1577.1250061035155,9338.7,225.922,328150200,7985.791723634964,3298.097126558334,2407.274131432742,2392.644722607248,2258.1327085741755,2194.8040596315977,1021.1130992291588,751.3035995482234,746.5907698594733,601.3767050748652,6.457535,1.4275,38.84999847412109,76.72000122070312,1292.280029296875,2756.3798828125,2.793,19.2275
2011-08,1758.491306470788,9525.1,226.545,768547400,7903.760556903788,3264.2186127368923,2382.546275701323,2368.0671422043206,2234.936854345979,2172.258726120702,1010.624083012226,743.5861041547647,738.9216853100928,595.1992796586427,6.403604347826088,1.4333173913043478,40.45000076293945,75.41999816894531,1218.8900146484375,2579.4599609375,2.234,35.02913043478261
2011-09,1762.1857154482886,9545.3,226.889,496007600,8371.91708524047,3457.565215593688,2523.669553032837,2508.332789699699,2367.316912072854,2300.9262251609453,1070.4854943935684,787.6302887595756,782.689586477759,630.454197419289,6.388457142857143,1.3746714285714283,28.90999984741211,78.86000061035156,1131.4200439453125,2415.39990234375,1.917,36.53
2011-10,1669.9142775762648,9578.1,226.421,271385800,8096.772969199856,3343.9318965807133,2440.7288333293423,2425.896114666887,2289.5147417302205,2225.305993157848,1035.30385294988,761.7447194973541,756.9663940222008,609.7342403190399,6.370955,1.373245,33.439998626708984,79.83000183105469,1253.300048828125,2684.409912109375,2.116,32.829047619047614
2011-11,1742.5904831659227,9629.8,226.23,285132800,8144.484813056585,3363.636679847344,2455.1113130450776,2440.19118964008,2303.0061623592355,2238.419050975188,1041.4045866575088,766.2334516445441,761.426968936894,613.3272205074271,6.35641,1.35576,32.0,79.69999694824219,1246.9599609375,2620.340087890625,2.072,31.94190476190476
2011-12,1641.9666748046875,9677.4,225.672,292635000,7901.736212548657,3263.382567353807,2381.936047940837,2367.4606229003284,2234.364432930553,2171.702358090769,1010.36523772676,743.3956537581893,738.7324295840657,595.0468347188852,6.348209523809524,1.3154571428571429,26.940000534057617,80.8499984741211,1257.5999755859375,2605.14990234375,1.876,25.047619047619047
2012-01,1660.195001220703,9750.5,226.665,223453900,8044.945262201489,3322.527279800949,2425.105648720183,2410.367874772092,2274.8594834372907,2211.0617371519284,1028.6768393298762,756.8687667838666,752.121027525421,605.8313116245665,6.31717,1.290985,32.279998779296875,81.77999877929688,1312.4100341796875,2813.840087890625,1.795,20.228
2012-02,1743.8350158691403,9802.2,227.663,259837600,8151.543777668103,3366.552001421888,2457.239200109013,2442.306145177279,2305.0022172814743,2240.359127140749,1042.307189865965,766.8975593129197,762.0869107443075,613.8588017239458,6.29969,1.323835,33.54999923706055,80.11000061035156,1365.6800537109375,2966.889892578125,1.974,18.4205
2012-03,1675.6590964577415,9846.2,229.392,272582900,7946.267874760713,3281.773949481614,2395.35987893752,2380.802875023592,2246.956597425729,2183.941379140604,1016.059333589616,747.5851942911291,742.8956896745616,598.4003286765768,6.312481818181817,1.32075,31.3799991607666,80.7300033569336,1408.469970703125,3091.570068359375,2.214,16.167272727272728
2012-04,1650.585003662109,9899.8,230.085,198905400,8194.61479664429,3384.340144268499,2470.2227280275984,2455.210770018132,2317.181357447864,2252.1967070041983,1047.81451878159,770.9496824727622,766.113615463001,617.1023007247345,6.304328571428571,1.3160190476190476,30.11000061035156,80.16999816894531,1397.9100341796875,3046.360107421875,1.919,17.823
2012-05,1588.2818104137075,9943.0,229.815,256298600,8035.794104310909,3318.7478915338747,2422.347081201142,2407.6260715307376,2272.271821541115,2208.54664545111,1027.5067152496888,756.0078254894827,751.2654868037148,605.1421760484947,6.3242045454545455,1.2806454545454544,26.959999084472656,83.20999908447266,1310.3299560546875,2827.340087890625,1.563,21.001818181818184
2012-06,1600.690464564732,10013.0,229.478,237977300,8086.050177721127,3339.5034305013883,2437.496505285137,2422.6834300225755,2286.482670897009,2222.3589558342424,1033.9327700042998,760.7359188531638,755.9639214531438,608.9267515650324,6.363257142857143,1.254133333333333,26.649999618530277,83.54000091552734,1362.1600341796875,2935.050048828125,1.643,21.13095238095238
2012-07,1592.51904296875,10065.7,229.104,155221000,8035.620385388644,3318.6761463772045,2422.2947145627195,2407.574023133164,2272.222699250672,2208.4989007804484,1027.4845024656286,755.9914820064414,751.2492458412153,605.1290940001899,6.371742857142857,1.2277619047619048,27.1200008392334,84.0999984741211,1379.3199462890625,2939.52001953125,1.47,17.565238095238094
2012-08,1629.9173902428668,10136.4,230.379,190757200,8434.810092274069,3483.5397529916795,2542.6283130555803,2527.176334156597,2385.101091931042,2318.211653073026,1078.527386237786,793.5472653357248,788.569446630012,635.1904077602345,6.359278260869565,1.2406217391304348,30.790000915527344,83.51000213623047,1406.5799560546875,3066.9599609375,1.548,15.689565217391303
2012-09,1748.8052593030427,10216.6,231.407,229736700,8131.30440645188,3358.193229447656,2451.138150087751,2436.242172260723,2299.2791546565045,2234.7965660764166,1039.719257725451,764.9934384726107,760.1947342061854,612.3346589969603,6.32,1.288457894736842,33.47999954223633,81.66999816894531,1440.6700439453125,3116.22998046875,1.633,15.284736842105264
2012-10,1747.7285737537202,10282.8,231.317,165237600,7961.442163186743,3288.0408643708847,2399.9340868877184,2385.3492847445477,2251.2474126898865,2188.11185978824,1017.9996126777172,749.0127919432589,744.3143321924387,599.5430411202902,6.262731818181819,1.2973818181818182,31.270000457763672,80.27999877929688,1412.1600341796875,2977.22998046875,1.694,16.276190476190475
2012-11,1721.3190452938989,10351.8,230.221,173575600,8267.303380851825,3414.360212284916,2492.134312309892,2476.989193926085,2337.7354208669226,2272.1743379303093,1057.1089341717463,777.7882273348272,772.9092630232652,622.576175173264,6.23375,1.28374,32.36000061035156,81.45999908447266,1416.1800537109375,3010.239990234375,1.616,16.701904761904764
2012-12,1684.3800048828125,10474.4,229.601,200021700,7934.905363459214,3277.081281907647,2391.9347107800213,2377.3985221877124,2243.743633788633,2180.818522097096,1014.6064520806028,746.5162087808435,741.8334097712407,597.544665287855,6.232815,1.311945,29.3700008392334,80.66000366210938,1426.18994140625,3019.510009765625,1.757,17.307
2013-01,1670.4476260230654,10497.6,230.28,222470200,8167.475840999425,3373.1318740396096,2462.0418352446536,2447.079593893342,2309.507307643029,2244.737873605473,1044.344362776099,768.3964484579529,763.5763975528324,615.0585790388083,6.221519047619048,1.3303904761904763,30.440000534057617,80.87000274658203,1498.1099853515625,3142.1298828125,1.985,13.505238095238097
2013-02,1627.4684030633225,10516.6,232.166,241668700,7814.720460948477,3227.4454417375086,2355.7056158054315,2341.3895975023474,2209.7590936417782,2147.787068101583,999.2388614233008,735.209208424144,730.5973367560364,588.4940409824727,6.232268421052631,1.3346736842105262,27.540000915527344,81.98999786376953,1514.6800537109375,3160.18994140625,1.881,14.072631578947368
2013-03,1591.5050048828125,10572.9,232.773,160615100,7917.443975425692,3269.8698048629053,2386.6710689062165,2372.1668683487883,2238.80609812277,2176.019458125849,1012.3737301829126,744.8734407076585,740.2009465683526,596.2297209009942,6.215438095238095,1.2953142857142856,27.420000076293945,83.30000305175781,1569.18994140625,3267.52001953125,1.852,13.0315
2013-04,1484.6272804953835,10600.4,232.531,454473800,8165.523417238831,3372.32553154816,2461.453287562079,2446.494622913789,2308.9552231275084,2244.201272133237,1044.0947137060778,768.2127643537411,763.3938656750977,614.9115501393968,6.186109090909091,1.302518181818182,23.459999084472656,83.48999786376953,1597.5699462890625,3328.7900390625,1.673,13.967272727272729
2013-05,1416.6181918057528,10634.7,232.945,278779500,8253.626358567853,3408.711661777252,2488.011447216655,2472.8913841758163,2333.867985746629,2268.415363858435,1055.3601048639046,776.5014925402498,771.6305997485701,621.5462156049438,6.141631818181819,1.2983136363636365,21.440000534057617,84.5,1630.739990234375,3455.909912109375,2.132,13.493636363636364
2013-06,1342.1350036621093,10692.3,233.504,254151000,8161.376478301172,3370.6128638669043,2460.203215036431,2445.2521472886365,2307.782598198176,2243.061533115441,1043.5644602487512,767.8226201753313,763.0061688203369,614.5992614445771,6.13415,1.319715,18.96999931335449,83.37999725341797,1606.280029296875,3403.25,2.487,17.2715
2013-07,1285.8045543323865,10731.5,233.596,191322900,8114.687493903904,3351.3305170925933,2446.1290708248102,2431.263534012962,2294.5804103067057,2230.2295965909866,1037.5945157263243,763.4301186863304,758.6412209214396,611.083308540744,6.13425,1.3087863636363637,19.13999938964844,84.75,1685.72998046875,3626.3701171875,2.588,13.974545454545456
2013-08,1352.6681574041193,10789.6,233.877,194596100,8084.51946183849,3338.8712515229204,2437.035079183084,2422.224808084369,2286.049832210284,2221.938255977594,1033.737043131743,760.5919090427016,755.8208149974781,608.8114797290312,6.121263636363636,1.3313545454545457,22.600000381469727,82.48999786376953,1632.969970703125,3589.8701171875,2.789,14.21
2013-09,1345.985009765625,10850.0,234.149,203875800,7892.988827826931,3259.769935643136,2379.299195680343,2364.8397952334726,2231.890945487079,2169.2982388546534,1009.2467426003576,742.572699459417,737.9146375704921,594.388105617999,6.119815,1.336415,20.899999618530277,82.66999816894531,1681.550048828125,3771.47998046875,2.615,14.692000000000002
2013-10,1316.8347751783288,10974.2,233.546,203478400,8016.402942620432,3310.7394263916267,2416.501719397157,2401.8162329712586,2266.78860610226,2203.217205131089,1025.02724046539,754.1835042347274,749.4526092787332,603.6819084471648,6.103213636363637,1.3645909090909092,21.100000381469727,80.75,1756.5400390625,3919.7099609375,2.552,15.407826086956522
2013-11,1275.104998779297,10982.9,233.069,130629300,8058.567891127971,3328.15336608938,2429.212117227216,2414.449387580962,2278.711537813392,2214.80576182793,1030.4187135640364,758.1503842492315,753.3946055712436,606.8571750557426,6.092931578947368,1.349084210526316,19.239999771118164,81.4800033569336,1805.81005859375,4059.889892578125,2.746,12.924
2013-12,1225.0095156715029,11047.8,233.049,185368200,8305.462072539032,3430.1195854018392,2503.637045484871,2488.422023061458,2348.525508161618,2282.6618204897954,1061.9881423053534,781.3781985500544,776.4767148163373,625.4497472711818,6.0738,1.3708,18.709999084472656,80.98999786376953,1848.3599853515625,4176.58984375,3.026,14.192380952380953
2014-01,1244.0619012741815,11117.6,233.916,152949800,8189.396387164101,3382.184963929788,2468.6496664472797,2453.647268196988,2315.70575408357,2250.7624864900267,1047.147260423024,770.4587343035557,765.6257469477571,616.7093240472136,6.050938095238095,1.361795238095238,18.450000762939453,81.38999938964844,1782.5899658203125,4103.8798828125,2.644,14.24095238095238
2014-02,1300.9842143811677,11183.2,234.781,156504800,7846.706257927144,3240.655436282421,2365.347562941633,2350.972948907932,2218.803678933625,2156.578000734043,1003.3287647684552,738.2184334623288,733.5876853172435,590.9027580968066,6.0816,1.366521052631579,20.350000381469727,81.31999969482422,1859.449951171875,4308.1201171875,2.649,15.47
2014-03,1336.428571428571,11219.1,236.293,182522600,8186.218739301451,3380.872609231881,2467.691781523243,2452.695204500364,2314.807214424222,2249.8891461037024,1046.7409465634116,770.159781067618,765.328669006556,616.4700286250862,6.172876190476191,1.3828190476190476,19.040000915527344,80.3499984741211,1872.3399658203125,4198.990234375,2.719,14.836666666666666
2014-04,1298.423793247768,11264.0,237.072,127851700,8070.858665444678,3333.229402237071,2432.9171052975057,2418.1318598170697,2282.1869852654104,2218.1837414071474,1031.9902885673407,759.3067007805088,754.5436686794286,607.7827420649002,6.224613636363636,1.381018181818182,18.459999084472656,80.5999984741211,1883.949951171875,4114.56005859375,2.646,14.19809523809524
2014-05,1287.538097563244,11328.5,237.9,113286900,8023.38509821023,3313.623026175445,2418.606452792997,2403.9081755490884,2268.7629418299266,2205.136171210321,1025.920022393636,754.8403857073176,750.1053702193469,604.2077054962521,6.237957142857143,1.3738523809523808,18.07999992370605,80.58000183105469,1923.5699462890625,4242.6201171875,2.475,12.475238095238096
2014-06,1282.161900111607,11383.7,238.343,139939600,8233.001381905744,3400.193636436907,2481.794158499601,2466.7118789655265,2328.035885934102,2262.7468235214974,1052.72286680789,774.5610939244207,769.7023730006919,619.9930345383007,6.230604761904762,1.3594857142857142,20.25,81.0199966430664,1960.22998046875,4408.18017578125,2.532,11.541428571428572
2014-07,1310.6363636363635,11438.4,238.25,140606000,8301.212692324416,3428.3646099203224,2502.356092585112,2487.1488547274075,2347.3239160357684,2281.493926651749,1061.4447900679156,780.978416692278,776.0794407381184,625.1297441505753,6.198436363636364,1.3533363636363636,19.57999992370605,81.56999969482422,1930.6700439453125,4369.77001953125,2.562,12.296363636363637
2014-08,1295.0571463448662,11462.5,237.852,118179700,8284.991336976631,3421.6652609624643,2497.466251920982,2482.2887304454853,2342.737022919107,2277.035671565447,1059.370626477617,779.4523109429543,774.5629080515191,623.9081814591734,6.15412857142857,1.3315238095238096,18.709999084472656,82.75,2003.3699951171875,4580.27001953125,2.345,13.49190476190476
2014-09,1235.1285691034227,11503.7,238.031,140533100,7996.984485497373,3302.7196883548563,2410.6481295312547,2395.998216353175,2261.2976723668053,2197.8802629717625,1022.544275516969,752.3566150246007,747.63717990683,602.2195853405226,6.138228571428571,1.2889095238095238,16.350000381469727,86.22000122070312,1972.2900390625,4493.39013671875,2.495,13.466666666666669
2014-10,1222.93042522928,11577.5,237.433,155183900,8083.200422820283,3338.3264941655634,2436.63746193776,2421.8296072257635,2285.676849135596,2221.575733100444,1033.5683825822948,760.4678137999731,755.6974981880547,608.7121483958226,6.125050000000001,1.2677318181818182,15.5,87.12999725341797,2018.050048828125,4630.740234375,2.335,18.058695652173917
2014-11,1176.1789422286183,11618.2,236.151,147594200,8187.386622386417,3381.354939848554,2468.043833622305,2453.045117119747,2315.137455317701,2250.2101254911904,1046.890279373194,770.2696555542002,765.4378542647853,616.5579770346936,6.124894444444444,1.24725,14.829999923706056,88.44000244140625,2067.56005859375,4791.6298828125,2.173,13.41315789473684
2014-12,1200.168174050071,11701.9,234.812,153722200,8292.191925828994,3424.639072730334,2499.636830853572,2484.446118405689,2344.7731247573743,2279.0146715433866,1060.291338644145,780.1297426254806,775.2360902932768,624.4504278072488,6.188628571428571,1.2329190476190477,15.0600004196167,90.33000183105467,2058.89990234375,4736.0498046875,2.17,16.292272727272728
2015-01,1252.9249938964845,11788.8,233.707,198034100,8055.552726729707,3326.9081163530773,2428.3032120730186,2413.5460059958964,2277.8589434075925,2213.977078174413,1030.033175852818,757.8667174640157,753.1127181908488,606.6301155863952,6.218135,1.16149,16.540000915527344,95.4800033569336,1994.989990234375,4635.240234375,1.639,19.1195
2015-02,1224.9105224609375,11905.6,234.722,125686200,8103.298854266097,3346.6270586297715,2442.696026420313,2427.851352795359,2291.360058391418,2227.099558471314,1036.1382932853926,762.358675021137,757.5764982828966,610.2256775358683,6.2518473684210525,1.1350263157894738,15.869999885559082,95.36000061035156,2104.5,4963.52978515625,1.997,15.90421052631579
2015-03,1177.768182927912,11903.7,236.119,133483100,7953.532489778439,3284.774203776327,2397.5497582146404,2382.9794460368944,2249.010803865671,2185.9379759821386,1016.9882325406746,748.2686495578117,743.5748577153163,598.9473965684261,6.238604545454546,1.0819454545454543,15.93000030517578,100.38999938964844,2067.889892578125,4900.8798828125,1.927,14.812727272727273
2015-04,1199.828578404018,11937.6,236.599,106636600,7938.913068460797,3278.7364465810124,2393.1428119815805,2378.5992815555564,2244.876887705537,2181.9199942506016,1015.118902219122,746.8932538250695,742.2080896609812,597.8464688550118,6.200995454545454,1.0822045454545457,15.43000030517578,99.98999786376952,2085.510009765625,4941.419921875,2.035,13.494761904761903
2015-05,1198.2150085449218,11965.0,237.805,99097100,8265.673575528863,3413.6871098000865,2491.643016226922,2476.500883531849,2337.2745627784884,2271.7264044676,1056.9005371057992,777.6348951859208,772.7568927069709,622.4534413243289,6.20345,1.116735,15.989999771118164,97.77999877929688,2107.389892578125,5070.02978515625,2.123,13.3385
2015-06,1180.7818215110085,12005.6,238.638,110267600,8354.119565447616,3450.214917599445,2518.304586040999,2503.000426512485,2362.284328834201,2296.0347791973445,1068.209792594273,785.9558973972479,781.025698354505,629.1139403499925,6.2052,1.122559090909091,15.029999732971191,97.68000030517578,2063.110107421875,4986.8701171875,2.349,14.339545454545457
2015-07,1128.113641912287,12049.2,238.654,157498100,8121.786113522527,3354.26221601199,2448.2689116781867,2433.390370694418,2296.587678427548,2232.1805714843863,1038.502189471129,764.0979570993346,759.3048700710062,611.6178760106409,6.20845,1.099740909090909,14.079999923706056,98.1500015258789,2103.840087890625,5128.27978515625,2.187,14.352727272727272
2015-08,1118.7333112444196,12093.7,238.316,151171700,8296.744696500096,3426.5193471461816,2501.009239181033,2485.8101863774614,2346.0605062372374,2280.2659487989567,1060.8734842761542,780.5580674693396,775.6617283111418,624.7932779991772,6.3382523809523805,1.1136142857142857,13.989999771118164,98.33000183105467,1972.1800537109373,4776.509765625,2.214,19.42809523809524
2015-09,1123.8238002232142,12154.8,237.945,113791100,8192.327332194498,3383.3954314347498,2469.5331841242355,2454.525416588772,2316.5345338801408,2251.568023407829,1047.522029320991,770.7344777273289,765.8997606689243,616.9300413068335,6.3676047619047615,1.1228523809523812,13.869999885559082,96.6999969482422,1920.030029296875,4620.16015625,2.035,24.377142857142857
2015-10,1159.859092018821,12206.1,237.838,131532500,8028.558369518385,3315.759564646118,2420.1659077131835,2405.458153400056,2270.225781527673,2206.5579860111143,1026.5815091042134,755.3270872755232,750.5890187719652,604.5972830060872,6.3505,1.1227952380952382,14.800000190734863,97.81999969482422,2079.360107421875,5053.75,2.146,16.789545454545454
2015-11,1084.0050048828125,12297.5,237.336,106869000,8192.288223148054,3383.3792795692666,2469.521394911711,2454.513699021269,2316.523475062176,2251.5572747310703,1047.517028594575,770.7307983467009,765.896104368572,616.9270961674781,6.364036842105262,1.072657894736842,13.4399995803833,100.30999755859376,2080.409912109375,5108.669921875,2.208,16.21
2015-12,1069.9454567649148,12368.7,236.525,124503700,8383.69240826702,3462.4283726083167,2527.2191610732257,2511.860826176419,2370.646605984302,2304.162538813561,1071.9911605824925,788.7381116131953,783.7904601028144,631.3409479392081,6.449095454545454,1.0888681818181818,13.1899995803833,100.51000213623048,2043.93994140625,5007.41015625,2.269,18.025454545454547
2016-01,1097.642096268503,12506.0,236.916,139712800,8127.672178217984,3356.693135040515,2450.0432343462044,2435.153910505859,2298.2520738530206,2233.798289443472,1039.2548183865129,764.6517182974613,759.8551575972158,612.0611310209031,6.5726,1.0855052631578948,13.59000015258789,99.83000183105467,1940.239990234375,4613.9501953125,1.923,23.717894736842105
2016-02,1201.4050048828126,12578.2,237.111,314968700,8388.020583491263,3464.2158900848963,2528.523866306496,2513.1576024970627,2371.8704788801324,2305.3520885641324,1072.544588040931,789.1453065085775,784.1951007176193,631.6668847837216,6.550050000000001,1.10923,14.199999809265137,99.62999725341795,1932.22998046875,4557.9501953125,1.738,22.517
2016-03,1244.8818192915485,12629.0,238.132,259670200,7707.346063917721,3183.100284417043,2323.338179075856,2309.218863116874,2179.39696470208,2118.276435886356,985.5093018349334,725.1074209270106,720.5589164570032,580.4081224749007,6.5026913043478265,1.1133521739130434,14.68000030517578,98.58000183105467,2059.739990234375,4869.85009765625,1.77,15.84909090909091
2016-04,1242.538080124628,12708.0,239.261,222989100,8267.198880386719,3414.3170540489364,2492.102811204544,2476.95788425824,2337.705871396252,2272.145617165608,1057.095572091005,777.7783959269585,772.8994932865385,622.5683056785965,6.475433333333334,1.1345666666666667,16.979999542236328,95.1999969482422,2065.300048828125,4775.35986328125,1.835,14.300476190476193
2016-05,1259.5904773530506,12775.0,240.229,201083100,8147.659946590303,3364.9479961383763,2456.068440038127,2441.142500011792,2303.903991044819,2239.291700326792,1041.8105790193538,766.5321683323169,761.723811813766,613.5663265859175,6.525880952380952,1.1312047619047618,15.1899995803833,95.88999938964844,2096.949951171875,4948.0498046875,1.851,14.85285714285714
2016-06,1276.7454612038352,12835.4,241.018,307601400,8084.860474299717,3339.012088181002,2437.137875562556,2422.3269797529947,2286.1462598932712,2222.031979375372,1033.78064711031,760.6239915084703,755.8526962141151,608.8371599567931,6.589222727272727,1.1231772727272729,17.860000610351562,96.70999908447266,2098.860107421875,4842.669921875,1.475,17.774545454545457
2016-07,1337.210003662109,12889.7,240.628,259546000,8148.42672551903,3365.264672489208,2456.2995814381948,2441.3722367267874,2304.12081219908,2239.502440797349,1041.9086241519385,766.6043069240993,761.7954978895518,613.6240695125599,6.677105,1.105495,19.350000381469727,97.56999969482422,2173.60009765625,5162.1298828125,1.45,13.1585
2016-08,1337.9565270465353,12973.9,240.849,215783900,7810.182164661873,3225.571145179283,2354.3375707036307,2340.029866240182,2208.4758050661885,2146.5397689660235,998.6585665763016,734.7822453309481,730.1730519467496,588.152280796139,6.646573913043477,1.1206521739130435,17.719999313354492,96.5199966430664,2170.949951171875,5213.22021484375,1.578,12.399565217391304
2016-09,1325.1142868768602,13034.2,241.428,213473800,8097.765974005471,3344.3420032313,2441.028169308,2426.193631530575,2289.7955325032503,2225.5789092385608,1035.4308247329798,761.8381414285348,757.0592299297671,609.8090193739905,6.670180952380953,1.1217809523809523,18.200000762939453,96.33000183105467,2168.27001953125,5312.0,1.598,14.21952380952381
2016-10,1263.980010986328,13107.5,241.729,181298100,8191.591502007815,3383.091536779302,2469.31137205665,2454.3049525103397,2316.326464064397,2251.365788847147,1047.4279414874443,770.6652507944158,765.8309679875506,616.8746290010189,6.73031,1.10144,16.969999313354492,99.12000274658205,2126.14990234375,5189.14013671875,1.826,14.585238095238095
2016-11,1235.960003662109,13181.0,241.353,247890600,8373.909024258102,3458.3878777138243,2524.270012377945,2508.929599952612,2367.88017027002,2301.4736869523035,1070.7401961306234,787.8176904607242,782.8758126324288,630.6042020480835,6.84016,1.07918,15.65999984741211,101.91999816894533,2198.81005859375,5323.68017578125,2.39,15.236190476190476
2016-12,1151.395252046131,13226.1,241.432,159862800,8049.192983593426,3324.28157019594,2426.3861015767334,2411.640546101779,2276.0606064998487,2212.229175081422,1029.219979459908,757.2683925795401,752.5181465204944,606.1511898261479,6.919752380952381,1.0544619047619048,15.109999656677246,103.6500015258789,2238.830078125,5383.1201171875,2.446,12.472380952380954
2017-01,1193.190008544922,13300.7,242.839,150545100,8001.982345617364,3304.7837827704298,2412.15470768853,2397.495638782192,2262.7109112541198,2199.2538680018515,1023.1833330598216,752.8268139013227,748.1044292872003,602.5959533645585,6.890663157894736,1.0634947368421053,16.6299991607666,103.81999969482422,2278.8701171875,5614.7900390625,2.466,11.6085
2017-02,1234.5420949835527,13367.3,243.603,150265000,8051.879181720103,3325.390958297904,2427.1958416107886,2412.445365209777,2276.8201795091986,2212.9674460954225,1029.5634534934416,757.5211102049823,752.7692788811663,606.3534762160893,6.869426315789474,1.0650210526315789,17.3700008392334,101.76000213623048,2363.639892578125,5825.43994140625,2.397,11.530526315789476
2017-03,1230.378269361413,13428.7,243.801,172556100,8282.408462486595,3420.59854507146,2496.687658243639,2481.5148684125634,2342.00666661006,2276.325797878224,1059.040364048203,779.2093140093125,774.321435406013,623.7136759418504,6.894,1.069104347826087,17.25,102.26000213623048,2362.719970703125,5911.740234375,2.389,11.89782608695652
2017-04,1268.6526392886512,13484.7,244.524,176157400,8186.977943008341,3381.186157049157,2467.9206394132725,2452.922671582594,2315.0218935421262,2250.097804610665,1046.8380230809214,770.2312069822319,765.3996468757044,616.5272010933312,6.887555000000001,1.07138,16.299999237060547,101.33999633789062,2384.199951171875,6047.60986328125,2.289,13.136315789473684
2017-05,1243.7636385830965,13536.7,244.733,160072400,8047.323907653216,3323.5096499905226,2425.8226786480795,2411.080547188802,2275.532090147124,2211.7154808099835,1028.9809877616456,757.0925498415493,752.3434068211109,606.0104375038538,6.884304545454546,1.1049863636363637,16.389999389648438,99.88999938964844,2411.800048828125,6198.52001953125,2.206,10.862272727272726
2017-06,1260.0590931285512,13558.5,244.955,160832400,8216.993213344549,3393.582332691421,2476.9685818501466,2461.9156281550786,2323.509275388348,2258.347160399632,1050.6759626087578,773.0550447963668,768.2057711227878,618.7875260556385,6.806563636363635,1.1233,15.710000038146973,97.87000274658205,2423.409912109375,6140.419921875,2.304,10.513636363636364
2017-07,1235.9599975585938,13615.4,244.786,128516200,8149.2916049524465,3365.6218639203003,2456.560294709831,2441.6313656001253,2304.365373114912,2239.7401430762525,1042.0192130264393,766.6856748152226,761.876355370485,613.6891999795135,6.769425,1.153015,15.899999618530272,96.51000213623048,2470.300048828125,6348.1201171875,2.296,10.2645
2017-08,1283.7956436820652,13674.6,245.519,179580900,8291.069480609984,3424.17550775398,2499.2984757557706,2484.109819548592,2344.455732274532,2278.7061802367443,1060.147815803084,780.0241429351154,775.1311530160241,624.3659011340278,6.666995652173913,1.181291304347826,16.649999618530273,94.1500015258789,2471.64990234375,6428.66015625,2.121,11.975652173913044
2017-09,1313.9400024414062,13723.0,246.819,174234300,8019.297023218971,3311.934669047132,2417.3741244886305,2402.6833363106057,2267.6069617878297,2204.012610278932,1025.397295647351,754.455779451301,749.7231765483132,603.8998496000024,6.568989999999999,1.191335,15.739999771118164,93.66999816894533,2519.360107421875,6495.9599609375,2.339,10.438
2017-10,1279.2500055486505,13782.3,246.663,137821900,8080.199198612941,3337.087001667269,2435.732758979432,2420.930402299118,2284.828196580796,2220.750880749907,1033.1846273507665,760.1854585084678,755.4169140745411,608.4861387041774,6.6254,1.175547619047619,15.789999961853027,95.1500015258789,2575.260009765625,6727.669921875,2.378,10.125454545454543
2017-11,1280.6904703776042,13814.9,246.669,121999200,8069.715766729992,3332.757390056275,2432.572584603012,2417.7894328326447,2281.863809172227,2217.8696286897675,1031.8441504148511,759.1991768244654,754.4368192071661,607.696675124131,6.620015,1.174295,15.510000228881836,95.1500015258789,2647.580078125,6873.97021484375,2.415,10.54047619047619
2017-12,1265.5700073242188,13873.8,246.524,145856700,7895.430023387348,3260.778138754588,2380.0350810033938,2365.571208457937,2232.581239415819,2169.9691736989093,1009.558889078852,742.8023672337862,738.1428646688067,594.5719418853815,6.593195,1.183615,15.989999771118164,94.22000122070312,2673.610107421875,6903.39013671875,2.405,10.2645
2018-01,1330.675,13883.2,247.867,184868100,8181.669885470093,3378.993952453752,2466.3205539061387,2451.332310063573,2313.520940504416,2248.638945347003,1046.1593017629432,769.7318247201962,764.903397173598,616.127473394041,6.423295238095237,1.219652380952381,16.350000381469727,92.63999938964844,2823.81005859375,7411.47998046875,2.713,11.062380952380952
2018-02,1330.0578806023848,13919.3,248.991,176366400,8175.965861125503,3376.6382152955894,2464.6011063266133,2449.6233118555037,2311.9080204097304,2247.0712591086185,1045.4299496613417,769.1951898854411,764.3701285793118,615.6979270842037,6.318315789473684,1.2339684210526316,15.460000038146973,90.6999969482422,2713.830078125,7273.009765625,2.864,22.464736842105264
2018-03,1324.2381068638392,13976.0,249.554,143350600,8134.331805992028,3359.4435322441536,2452.05074345992,2437.14921964984,2300.13520877864,2235.6286124195717,1040.1063598981632,765.2782563404562,760.4777654486185,612.5626398438701,6.317368181818182,1.2333954545454546,15.40999984741211,90.93000030517578,2640.8701171875,7063.4501953125,2.741,19.02380952380953
2018-04,1335.3428664434523,13993.9,250.546,148538100,8095.339711013865,3343.3399672055907,2440.2967853278165,2425.466692293562,2289.10946103901,2224.912078441064,1035.120587625797,761.6098785108268,756.8323988756307,609.6263076161545,6.2966523809523816,1.2269523809523808,15.380000114440918,91.98999786376952,2648.050048828125,7066.27001953125,2.955,18.267619047619046
2018-05,1302.6181696111505,14049.6,251.588,136939000,7903.261641390659,3264.012562807569,2382.395880292816,2367.917660773947,2234.795776607165,2172.12160486441,1010.5602885653514,743.5391661636605,738.8750417548973,595.1617084098824,6.3700636363636365,1.1822636363636363,15.460000038146973,95.02999877929688,2705.27001953125,7442.1201171875,2.86,14.124545454545457
2018-06,1280.0238037109375,14109.9,251.989,133529400,8065.073625345759,3330.840205925977,2431.173235952878,2416.398588259062,2280.551156443439,2216.5937889098063,1031.2505772864804,758.762443980399,754.0028259313843,607.3470947961243,6.465123809523809,1.1679142857142857,15.149999618530272,95.52999877929688,2718.3701171875,7510.2998046875,2.86,13.67809523809524
2018-07,1236.0238211495537,14144.2,252.006,130595500,8077.75062959659,3336.0757533506985,2434.9946509675933,2420.1967798935184,2284.135817668802,2220.077919395121,1032.8715380562433,759.9550970390743,755.1879976326609,608.301747172547,6.716447619047619,1.1684619047619047,14.609999656677246,95.6500015258789,2816.2900390625,7671.7900390625,2.962,13.147619047619049
2018-08,1199.9521749745245,14193.9,252.146,148356600,8002.993556615719,3305.2014084991533,2412.4595318264487,2397.7986104526767,2262.9968501703443,2199.53178784764,1023.3126328001904,752.9219486718324,748.1989672896776,602.6721034520352,6.845265217391304,1.1546608695652174,13.649999618530272,96.9800033569336,2901.52001953125,8109.5400390625,2.86,12.54695652173913
2018-09,1196.705258018092,14229.3,252.439,97355900,8107.26365328329,3348.264503318854,2443.891193842746,2429.0392569848223,2292.481179834787,2228.189238402836,1036.645257197347,762.7316834686634,757.9471668969833,610.5242500320913,6.855084210526316,1.1666947368421052,13.729999542236328,95.73999786376952,2913.97998046875,8046.35009765625,3.065,12.910526315789474
2018-10,1213.9695673403533,14241.4,252.885,228476300,8199.226952878022,3386.2449446625146,2471.613037814758,2456.5926306594274,2318.4855313117555,2253.4643057064645,1048.4042578217425,771.3835943126898,766.5448054304355,617.4496229959782,6.9191045454545455,1.148759090909091,13.40999984741211,97.1999969482422,2711.739990234375,7305.89990234375,3.149,19.35217391304348
2018-11,1219.238101050967,14260.8,252.038,186729200,8440.325860549918,3485.8177412151263,2544.29101185176,2528.8289284531998,2386.6607790838825,2319.7275992713207,1079.2326667451791,794.0661890321261,789.0851151856098,635.605777289829,6.936674999999999,1.13639,13.31999969482422,97.69000244140624,2760.169921875,7330.5400390625,2.993,19.38904761904762
2018-12,1253.047369706003,14382.6,251.233,178898300,8161.898572813356,3370.828486621669,2460.3605976300223,2445.4085734417986,2307.930230234639,2243.2050248560863,1043.6312185069023,767.8717388475786,763.0549793775467,614.6385782071901,6.883711111111111,1.1380388888888888,14.520000457763672,97.70999908447266,2506.85009765625,6635.27978515625,2.686,24.953157894736844
2019-01,1290.8618977864585,14446.1,251.712,195173300,8175.395722058872,3376.4027503495363,2464.4292409594814,2449.452490943046,2311.7468028724657,2246.914562868433,1045.3570481270335,769.1415511796212,764.3168263421118,615.6549922863538,6.786345,1.14179,15.050000190734863,96.95999908447266,2704.10009765625,7281.740234375,2.633,19.57238095238095
2019-02,1318.4473684210527,14481.2,252.776,141982900,8121.389882882318,3354.098574486997,2448.14947007449,2433.2716549573884,2296.475636766588,2232.0716719979264,1038.4515249520637,764.0606797051146,759.2678265130281,611.5880375318644,6.736683333333334,1.1349444444444443,14.630000114440918,97.37000274658205,2784.489990234375,7532.52978515625,2.717,15.234736842105262
2019-03,1298.5285935174852,14526.2,254.202,168879600,7821.373486407305,3230.19311221378,2357.7111346865963,2343.3829285087554,2211.6403616386747,2149.6155765064104,1000.08955872178,735.8351253210635,731.2193273577321,588.9950526125867,6.711942857142858,1.1296142857142857,14.18000030517578,97.70999908447266,2834.39990234375,7729.31982421875,2.407,14.485238095238095
2019-04,1284.7857200985864,14554.5,255.548,124262100,8129.186987880676,3357.3187448195704,2450.499865603472,2435.607766738356,2298.680414757087,2234.2146176564165,1039.4485113906562,764.7942316501252,759.9967769821683,612.1752050257471,6.716068181818182,1.1234,14.020000457763672,98.33000183105467,2945.830078125,8095.39013671875,2.504,12.94904761904762
2019-05,1283.3727195046165,14652.4,256.092,140574200,8143.297648251107,3363.146385964258,2454.7534485746683,2439.835499972106,2302.6704691968675,2238.0927722260435,1041.2527883667733,766.1217631329375,761.315981032783,613.2378200717776,6.851859090909091,1.1186909090909092,13.649999618530272,98.37000274658205,2752.06005859375,7453.14990234375,2.133,16.721818181818183
2019-06,1359.669989013672,14771.4,256.143,205599200,8534.195594437982,3524.5855316009865,2572.587540227829,2556.953494078308,2413.2042106900985,2345.526628364992,1091.235435939694,802.8974572894749,797.8609860466762,642.6747158779448,6.897675,1.129515,14.329999923706056,97.8000030517578,2941.760009765625,8006.240234375,2.007,15.836000000000002
2019-07,1413.295448996804,14853.5,256.571,226367100,8102.208641859054,3346.1768056640744,2442.367387730993,2427.5247112984976,2291.051780341998,2226.799925986565,1035.9988919325526,762.2561077949897,757.4745744476087,610.1435781814313,6.877472727272727,1.1211454545454544,15.210000038146973,98.68000030517578,2980.3798828125,8175.419921875,2.007,13.305909090909092
2019-08,1502.0363658558238,14934.7,256.558,322877500,8182.552706177408,3379.3585535526563,2466.586675478671,2451.5968143706555,2313.7705746526613,2248.881578581051,1046.2721847205391,769.8148805270736,764.9859319822095,616.1939549435867,7.062859090909091,1.1128681818181818,17.149999618530273,99.0199966430664,2926.4599609375,7962.8798828125,1.499,18.97909090909091
2019-09,1507.4199951171877,15031.4,256.759,233678500,8127.853436422049,3356.767993887662,2450.097873660734,2435.208217768106,2298.3033280170985,2233.8481062000183,1039.277995190131,764.668771076431,759.8721034063227,612.0747808211108,7.113725,1.10112,15.920000076293944,99.45999908447266,2976.739990234375,7999.33984375,1.668,15.559
2019-10,1493.330423106318,15167.3,257.346,178417600,7943.391143620431,3280.5858720766446,2394.492703747289,2379.9409698024992,2246.143147625577,2183.1507422941063,1015.6914968175138,747.3145513122707,742.6267444038822,598.1836940391607,7.096081818181818,1.1058181818181818,16.920000076293945,99.66999816894533,3037.56005859375,8292.3603515625,1.688,15.466521739130435
2019-11,1470.0000061035155,15276.9,257.208,139229300,8319.40298723716,3435.877122324748,2507.839459532559,2492.5988983338334,2352.467563822062,2286.4933223913376,1063.7707145419124,782.6897603533379,777.7800493631444,626.499579477809,7.019894736842106,1.105057894736842,15.920000076293944,98.54000091552734,3140.97998046875,8665.4697265625,1.774,12.5235
2019-12,1480.8523763020833,15348.0,256.974,121345200,8255.816946427156,3409.6163650019625,2488.6717881908285,2473.547712147088,2334.4874156375263,2269.01742202536,1055.6402070798847,776.7075831322384,771.8353975611003,621.7111796504129,7.013676190476192,1.1113666666666666,16.68000030517578,98.37999725341795,3230.780029296875,8972.599609375,1.919,13.756666666666666
2020-01,1559.933337983631,15416.8,257.971,194652300,8262.177166825491,3412.2431082662456,2490.589042555203,2475.453315034984,2336.285887500086,2270.7654562884004,1056.4534644984954,777.3059529175467,772.4300138506305,622.1901413512772,6.918352380952381,1.1097666666666666,16.81999969482422,98.19000244140624,3225.52001953125,9150.9404296875,1.505,13.94095238095238
2020-02,1595.6157804790296,15467.0,258.678,254781400,7985.56994272854,3298.0055320119795,2407.207276766685,2392.578274228214,2258.0699958543514,2194.743105671037,1021.0847409402694,751.2827343918214,746.5700355874816,601.3600036787644,6.996705263157895,1.0910736842105262,15.529999732971191,99.91000366210938,2954.219970703125,8567.3701171875,1.163,19.62894736842105
2020-03,1594.6500077681108,15993.8,258.115,457459900,8361.692550559974,3453.3425273973085,2520.5874218310623,2505.2693891264034,2364.4257327144387,2298.116128053331,1069.1781216674708,786.668364134566,781.7336958807161,629.6842303089671,7.02045,1.104590909090909,13.050000190734863,102.98999786376952,2584.590087890625,7700.10009765625,0.668,57.73681818181819
2020-04,1694.9809395926338,17005.8,256.389,260294400,7905.46088761558,3264.920841899489,2383.0588312849177,2368.57658290163,2235.4176548136807,2172.726042684683,1010.8414978939204,743.746071335027,739.080649037055,595.3273244807946,7.070827272727272,1.0871090909090908,13.979999542236328,100.93000030517578,2912.429931640625,8889.5498046875,0.646,41.453809523809525
2020-05,1718.6900146484377,17853.4,256.394,235361000,8228.96404344849,3398.52623327569,2480.5771244515904,2465.5022410376378,2326.8942526006254,2261.637206949623,1052.2066275510458,774.1812609635194,769.3249226825145,619.6889993990534,7.10159,1.09073,16.65999984741211,100.55999755859376,3044.31005859375,9489.8701171875,0.653,30.897
2020-06,1735.922735040838,18141.1,257.797,222122700,8489.82141665051,3506.2591898531664,2559.2111820672185,2543.658426290727,2400.656577876008,2333.330890118713,1085.5614770168477,798.722732897396,793.7124491573182,639.3330814161723,7.08155909090909,1.1259,17.010000228881836,98.31999969482422,3100.2900390625,10058.76953125,0.658,31.119545454545456
2020-07,1847.5409046519887,18298.0,259.101,305156400,7972.369455990991,3292.55378860507,2403.228060760892,2388.623240585781,2254.337310116639,2191.1151019760573,1019.3968444372816,750.0408320802001,745.3359235674125,600.3659300171491,7.004113636363636,1.1488272727272728,22.649999618530277,97.62000274658205,3271.1201171875,10745.26953125,0.533,26.840454545454545
2020-08,1966.2380836123511,18364.3,259.918,389593200,8041.380348325517,3321.0549859298267,2424.0310245311985,2409.29978125462,2273.851437033732,2210.081961104919,1028.2210072242624,756.5333795461593,751.787744128201,605.562852812366,6.927009523809524,1.1831142857142856,26.229999542236328,93.98999786376952,3500.31005859375,11775.4599609375,0.706,22.88952380952381
2020-09,1920.2761869884675,18596.6,260.28,219862100,8149.710287558806,3365.7947780093177,2456.6865043384378,2441.7568082316416,2304.483763491301,2239.8552132303384,1042.0727483938228,766.7250644913013,761.9154979602528,613.7207292223236,6.810595238095239,1.1785095238095238,21.63999938964844,94.73999786376952,3363.0,11167.509765625,0.686,27.64761904761905
2020-10,1900.245450106534,18751.3,260.388,172289000,8051.599615344918,3325.275498605165,2427.1115678247584,2412.361603569685,2276.741126861963,2212.890610455773,1029.5277063943831,757.4948085894058,752.7431422522009,606.3324232370766,6.72542380952381,1.1767809523809525,21.989999771118164,94.0999984741211,3269.9599609375,10911.58984375,0.874,29.438636363636363
2020-11,1866.0799987792968,18979.1,260.229,222246500,7881.253579668471,3254.923329374115,2375.761667994241,2361.323765696699,2228.57258349782,2166.0729393238958,1007.7462006338244,741.4686468509639,736.8175105403462,593.5043729694398,6.60285,1.1826277777777778,21.049999237060547,94.3000030517578,3621.6298828125,12198.740234375,0.842,24.9955
2020-12,1859.2954434481533,19133.2,260.474,177576400,8144.653139111697,3363.706197773419,2455.1620540325885,2440.2416222660963,2303.053759715128,2238.465313477628,1041.4261098759655,766.2492877664315,761.4427057208501,613.3398964413739,6.539295238095238,1.2168,24.56999969482422,91.9499969482422,3756.070068359375,12888.2802734375,0.916,22.37409090909091
2021-01,1865.1842169510687,19359.7,261.582,210951400,7960.695054888175,3287.7323119044527,2399.708875093727,2385.125441600417,2251.036153776027,2187.9065255667333,1017.904082754497,748.9425039651358,744.2444851216534,599.4867795068552,6.467177777777778,1.2177666666666669,24.989999771118164,90.87999725341795,3714.239990234375,13070.6904296875,1.071,24.91
2021-02,1805.531584087171,19596.7,263.014,181008600,8210.539280691426,3390.916886674933,2475.023078428627,2459.981947884298,2321.684304624357,2256.5733703888377,1049.8507225572118,772.4478585584409,767.6023936850999,618.301507275281,6.460057894736842,1.2093947368421052,24.65999984741211,91.5999984741211,3811.14990234375,13192.349609375,1.407,23.14052631578948
2021-03,1719.5173923658288,19823.4,264.877,214111100,7983.937259817188,3297.3312410957046,2406.715113250112,2392.089101671913,2257.608324073714,2194.294381335875,1020.8759759279368,751.1291315192859,746.4173962457724,601.2370531306359,6.510860869565217,1.1901608695652173,22.700000762939453,93.44000244140624,3972.889892578125,13246.8701171875,1.744,21.84304347826087
2021-04,1759.757144019717,20161.8,267.054,143030700,8385.627829664203,3463.227693197888,2527.80258348444,2512.4407030317448,2371.193882761997,2304.694467379524,1072.2386356243649,788.9201961343884,783.9714024315067,631.4866964614648,6.518640909090909,1.1965409090909092,24.01000022888184,93.33999633789062,4181.169921875,13962.6796875,1.626,17.416190476190476
2021-05,1850.6450073242188,20430.6,269.195,199082500,8006.088186935664,3306.4794773142667,2413.3923915570003,2398.7258010381165,2263.871915059118,2200.3823118062314,1023.7083315194062,753.2130916140862,748.4882839301505,602.9051471688811,6.432049999999999,1.21463,25.899999618530277,91.44000244140624,4204.10986328125,13748.740234375,1.581,19.7605
2021-06,1834.122736150568,20472.7,271.696,207522500,8081.110253158823,3337.46326321827,2436.0073914913387,2421.203365823168,2285.0858143775718,2221.001273733477,1033.301120462922,760.2711705559884,755.5020884615441,608.5547464264805,6.425031818181818,1.2048272727272726,24.21999931335449,92.4499969482422,4297.5,14503.9501953125,1.468,16.956818181818182
2021-07,1805.5047607421875,20628.4,273.003,145195500,8265.834845749525,3413.753713697329,2491.69163027094,2476.5492021401637,2337.3201649645703,2271.7707277541635,1056.9211581212892,777.6500674946255,772.7719698417579,622.4655859127785,6.476257142857143,1.182138095238095,23.6299991607666,93.19000244140624,4395.259765625,14672.6796875,1.226,17.603333333333335
2021-08,1785.231805974787,20811.0,273.567,165504300,7933.275301645688,3276.408073493334,2391.443337379345,2376.910134945642,2243.282703172671,2180.370518140871,1014.3980222181738,746.3628525012948,741.6810154756724,597.421912123684,6.476790909090909,1.1766954545454544,22.13999938964844,93.7300033569336,4522.68017578125,15259.240234375,1.307,17.472727272727273
2021-09,1775.8999953497023,20979.0,274.31,160613200,8170.500907562053,3374.381213326574,2462.953725353248,2447.985942292736,2310.3627020719205,2245.569278756281,1044.731166639766,768.6810468391816,763.8592106854595,615.2863841989005,6.456300000000001,1.1764904761904762,20.520000457763672,94.5,4307.5400390625,14448.580078125,1.492,19.824761904761903
2021-10,1776.404750279018,21142.5,276.589,136138300,8346.132911839122,3446.9164645182022,2515.8970520989933,2500.607523558217,2360.025952411484,2293.839738258459,1067.1885692890746,785.2045127115383,780.2790270071272,628.5124987399598,6.41721,1.159985,22.09000015258789,94.55999755859376,4605.3798828125,15498.3896484375,1.561,17.871428571428574
2021-11,1819.499988374256,21316.9,277.948,162163400,7872.010702233924,3251.106061335707,2372.975452110056,2358.5544821139547,2225.9589861766526,2163.5326395492366,1006.5643487211264,740.599076578275,735.9533949687927,592.8083303766249,6.38893,1.14159,21.059999465942383,96.94000244140624,4567.0,15537.6904296875,1.456,18.50047619047619
2021-12,1791.0454434481535,21471.0,278.802,151214100,8163.534389767449,3371.504071883917,2460.85370588699,2445.8986849971475,2308.392788224769,2243.654610547262,1043.840384257472,768.0256365709783,763.2079117205592,614.7617647670207,6.369285714285714,1.1300809523809523,21.51000022888184,96.91000366210938,4766.18017578125,15644.9697265625,1.512,21.354545454545452
2022-01,1816.6399963378904,21587.0,281.148,211125100,8175.775134140391,3376.559445883197,2464.5436126987656,2449.56616762608,2311.854088769839,2247.0188399652584,1045.4055621203672,769.1772462831779,764.35229753493,615.6835642295432,6.35557,1.131675,20.799999237060547,97.44000244140624,4515.5498046875,14239.8798828125,1.784,23.181
2022-02,1857.7420911287008,21684.8,283.716,254601300,8260.679126552015,3411.624424171744,2490.1374663404727,2475.004483124683,2335.862288456013,2270.35373695142,1056.2619157329682,777.1650172296801,772.2899622339894,622.0773301792722,6.343552631578947,1.1349052631578949,22.6200008392334,97.73999786376952,4373.93994140625,13751.400390625,1.822,25.748421052631578
2022-03,1950.6739024286685,21721.3,287.504,377087100,7932.285227861463,3275.9991773417887,2391.1448849413828,2376.613496253224,2243.00274120103,2180.098407618063,1014.271425213736,746.2697063207219,741.5884535889661,597.3473537917434,6.344552173913043,1.1018521739130436,22.8799991607666,99.41999816894533,4530.41015625,14220.51953125,2.345,26.968695652173917
2022-04,1933.9300048828125,21750.0,289.109,195348400,7918.701322749581,3270.389083819772,2387.0500895208,2372.543585591499,2239.1616367113497,2176.365025742228,1012.5345024478472,744.9917319933583,740.3184958282143,596.3244064897176,6.430999999999999,1.080295238095238,21.040000915527344,103.93000030517578,4131.93017578125,12334.6396484375,2.938,24.3735
2022-05,1845.9380987258185,21690.6,292.296,179911400,8218.404234478901,3394.165078261274,2477.3939266115904,2462.3383880250367,2323.9082681352465,2258.7349635156006,1050.8563845648316,773.1877937202011,768.3376873299018,618.8937841788071,6.698957142857143,1.0567190476190476,19.84000015258789,105.01000213623048,4132.14990234375,12081.3896484375,2.849,29.313636363636363
2022-06,1834.547619047619,21642.8,296.311,145735200,8181.810496794843,3379.052024317152,2466.362940436663,2451.3744390040392,2313.5607009993805,2248.67759077091,1046.1772812032505,769.7450534391608,764.9165429105303,616.1380622471066,6.695190476190476,1.0567190476190476,18.63999938964844,105.79000091552734,3785.3798828125,11028.740234375,3.017,28.23318181818182
2022-07,1729.8,21641.7,296.276,134877000,8174.247671965763,3375.9286106719364,2464.08316740956,2449.1085205401573,2311.422170130209,2246.5990343532635,1045.210251287194,769.0335425816933,764.20949526806,615.568537416737,6.735155000000001,1.016825,18.700000762939453,109.29000091552734,4130.2900390625,12390.6904296875,2.658,24.995238095238093
2022-08,1762.4782608695652,21606.8,296.171,110217900,8189.856730238873,3382.375083610425,2468.788434400894,2453.7851928344635,2315.835924740442,2250.889006550191,1047.206122757537,770.5020433981417,765.6687843700299,616.743990566338,6.8006782608695655,1.0128782608695652,16.579999923706055,109.4800033569336,3955.0,11816.2001953125,3.196,22.169565217391305
2022-09,1678.6142868768602,21521.1,296.808,139879400,8022.880378540826,3313.4145791549136,2418.4543077526773,2403.7569551197075,2268.6202228568327,2204.997454747669,1025.8554857911674,754.7929016609628,750.0581840342343,604.1696971606634,7.019514285714285,0.9898809523809524,17.5,114.77999877929688,3585.6201171875,10575.6201171875,3.829,27.34181818181818
2022-10,1665.8380940755208,21424.3,298.012,118402700,8171.28070891718,3374.7032678826704,2463.188792293987,2448.2195806922327,2310.583205562012,2245.783598292674,1044.8308769009489,768.754410581352,763.9321142264245,615.3451077902223,7.190185,0.985295,17.6200008392334,113.94000244140624,3871.97998046875,10988.150390625,4.05,30.005714285714287
2022-11,1726.047630673363,21357.8,297.711,114967900,8181.174099231497,3378.789194901152,2466.1711018006745,2451.1837662036314,2313.380747626793,2248.502684136238,1046.0959074446123,769.6851811313632,764.8570461739264,616.0901377979088,7.18118,1.01919,20.43000030517578,113.1500015258789,4080.110107421875,11468.0,3.611,23.29909090909091
2022-12,1797.1142868768602,21218.9,296.797,106815500,8017.296454829651,3311.1084430341525,2416.7710638656595,2402.083940588231,2267.0412634736235,2203.462776802877,1025.1414905050517,754.2675658985246,749.536143634655,603.749195129177,6.971695238095238,1.0590666666666668,22.020000457763672,105.9000015258789,3839.5,10466.48046875,3.879,21.78428571428572
2023-01,1899.834991455078,21205.1,299.17,118786700,8437.005539727917,3484.446463207727,2543.2901189284944,2527.834118124173,2385.7218959636366,2318.81504684426,1078.808109831811,793.7538131185594,788.7746987654895,635.3557377615233,6.790405,1.07769,21.82999992370605,105.62999725341795,4076.60009765625,11584.5498046875,3.51,20.16904761904762
2023-02,1853.2368485300165,21184.5,300.84,113802300,8210.57840124472,3390.9330432926954,2475.0348711098304,2459.993668899399,2321.6953666961003,2256.584122228124,1049.8557247549652,772.4515390216341,767.6060510612265,618.3044532811693,6.838042105263158,1.0702263157894736,19.21999931335449,105.36000061035156,3970.14990234375,11455.5400390625,3.928,20.1205
2023-03,1912.9608685037365,20876.2,301.836,223186600,7939.710660110045,3279.0658484509318,2393.383241711171,2378.8382501533374,2245.1024217356726,2182.139203247064,1015.2208872581848,746.9682912788107,742.2826564145421,597.9065321592675,6.890930434782609,1.0711347826086957,22.1200008392334,105.87999725341795,4109.31005859375,12221.91015625,3.473,21.64434782608696
2023-04,2001.04736328125,20729.8,303.363,170988100,8240.301575516465,3403.2085845352376,2483.9947627529687,2468.899109777596,2330.1001528899387,2264.753198734801,1053.6563150595837,775.2478964265321,770.3848672801032,620.5427817057644,6.887565,1.0962,23.0,103.05999755859376,4169.47998046875,12226.580078125,3.433,17.817894736842106
2023-05,1993.4227294921875,20801.1,304.127,182184900,7974.948532704121,3293.618936030788,2404.005509618733,2389.3959647564607,2255.0665925328835,2191.823931887477,1019.7266212592716,750.283471718841,745.5770411591828,600.5601495397153,6.985359090909091,1.0867090909090908,21.61000061035156,104.6999969482422,4179.830078125,12935.2900390625,3.646,17.63608695652174
2023-06,1941.652378627232,20782.7,305.109,133968200,8261.535052490784,3411.977917848625,2490.395480629115,2475.2609294172,2336.104317602945,2270.5889784641176,1056.371359757843,777.2455427756745,772.3699826537152,622.141786395845,7.161366666666667,1.0840285714285716,20.88999938964844,104.5,4450.3798828125,13787.919921875,3.841,14.003181818181815
2023-07,1950.7649963378904,20772.1,305.691,99844800,8321.968742837134,3436.9367681888752,2508.612892812207,2493.367631329663,2353.193079443183,2287.198491146263,1064.098788043354,782.9311467411294,778.0199215655446,626.6927958428407,7.186275,1.10669,22.690000534057617,103.56999969482422,4588.9599609375,14346.01953125,3.967,13.932380952380951
2023-08,1917.5565185546875,20746.7,307.026,140384300,7999.999607273727,3303.9649204884954,2411.557021837305,2396.9015851681743,2262.150254720458,2198.708934911132,1022.9298077782844,752.6402777999455,747.9190633025072,602.4466416001916,7.248621739130435,1.091,22.38999938964844,104.4499969482422,4507.66015625,14034.9697265625,4.106,15.85391304347826
2023-09,1912.4099975585937,20720.4,307.789,122800000,8290.212394944174,3423.821535114892,2499.0401118736245,2483.85302578711,2344.2133751929805,2278.4706199862558,1060.0382234882818,779.9435082819551,775.0510241735476,624.301357583243,7.29794,1.067175,20.34000015258789,106.83999633789062,4288.0498046875,13219.3203125,4.579,15.173333333333332
2023-10,1915.5681762695312,20687.6,307.671,222528100,8200.64707338476,3386.831448233448,2472.0411255332583,2457.018116817031,2318.887097077225,2253.854609681477,1048.585843280279,771.5171993058361,766.6775723368502,617.5565663549721,7.307109523809523,1.056457142857143,20.979999542236328,107.3499984741211,4193.7998046875,12851.240234375,4.926,18.887727272727272
2023-11,1985.3714250837052,20696.7,307.051,143757900,8267.224526226302,3414.327645668749,2492.1105420054896,2476.9655680778114,2337.7131232394263,2272.1526656330334,1057.0988513278853,777.7808086885557,772.9018909131961,622.5702369599325,7.222589999999999,1.08193,23.1299991607666,107.11000061035156,4567.7998046875,14226.2197265625,4.33,14.01909090909091
2023-12,2031.6749938964845,20701.2,306.746,153605600,8442.051314488319,3486.5303461606577,2544.8111406974194,2529.345896388588,2387.1486836161166,2320.201820668493,1079.453294039202,794.228519806536,789.2464276802012,635.7357140375109,7.140210000000001,1.09094,21.780000686645508,104.26000213623048,4769.830078125,15011.349609375,3.866,12.7185
2024-01,2028.0428466796875,20773.0,308.417,124735600,8093.582715169813,3342.614335590695,2439.7671483436834,2424.9402740022524,2288.6126374401,2224.429188109744,1034.8959271871404,761.4445802726921,756.6681375318283,609.4939955789648,7.170704761904762,1.0898904761904762,20.90999984741211,103.81999969482422,4845.64990234375,15164.009765625,3.918,13.388636363636364
2024-02,2025.214990234375,20860.9,310.326,118520300,8010.889738143967,3308.462497006135,2414.8397934445666,2400.1644068215446,2265.2296439118845,2201.7019635639053,1024.322287781364,753.664821740673,748.9371804124513,603.2667319866208,7.19349,1.0793,20.729999542236328,104.9800033569336,5096.27001953125,16091.919921875,4.254,13.980476190476187
2024-03,2161.8699951171875,20901.1,312.332,162616600,7988.802687732817,3299.340641588898,2408.1817704288837,2393.546845728912,2258.984115266085,2195.6315888803024,1021.4980998637892,751.586871169011,746.872264554255,601.6034482370874,7.201485714285714,1.0870190476190476,22.75,104.7300033569336,5254.35009765625,16379.4599609375,4.206,13.7875
2024-04,2332.590897993608,20932.7,313.548,254338500,8000.792140944672,3304.292233435452,2411.795926866435,2397.139038331354,2262.37435851216,2198.926753779765,1023.0311460727188,752.7148393988889,747.9931571862455,602.5063240091733,7.237431818181818,1.0723909090909092,24.049999237060547,106.5199966430664,5035.68994140625,15657.8203125,4.682,16.137727272727275
2024-05,2349.6318026455965,20997.6,314.069,141706000,8120.957864929607,3353.920152958141,2448.01924057717,2433.142216886575,2296.35347557037,2231.952936775514,1038.396284444187,764.0200354391266,759.2274372032302,611.5555040596772,7.232713636363636,1.0810136363636362,27.76000022888184,106.48999786376952,5277.509765625,16735.01953125,4.503,13.058695652173911
2024-06,2326.0789345189146,21065.6,314.175,108735300,8188.995191743424,3382.019271972132,2468.528728237109,2453.5270649486138,2315.592308537616,2250.6522224901028,1047.0959610761863,770.4209898225939,765.5882392330116,616.6791116915039,7.254747368421053,1.0763263157894736,26.56999969482422,106.12999725341795,5460.47998046875,17732.599609375,4.392,12.667
2024-07,2393.3363702947445,21098.0,314.54,138673000,8178.509292327013,3377.688641280589,2465.3678100359466,2450.3853561777464,2312.627223387582,2247.7702922564463,1045.7551686260642,769.4344759929465,764.6079136762108,615.8894622917927,7.260936363636364,1.084659090909091,26.38999938964844,106.0500030517578,5522.2998046875,17599.400390625,4.033,14.373913043478264
2024-08,2467.249988902699,21185.1,314.796,147220700,8268.05789912069,3414.671825036738,2492.36175779973,2477.2152571915176,2337.948775089159,2272.3817086979025,1057.2054115799492,777.8592124432473,772.9798028513399,622.6329948006913,7.147486363636364,1.1020181818181818,26.350000381469727,104.4499969482422,5648.39990234375,17713.619140625,3.909,19.312272727272727
2024-09,2572.869982910156,21272.1,315.301,130608100,8135.615017751779,3359.973493100141,2452.4375607701254,2437.533686206345,2300.4980610226,2235.981288582077,1040.2704393510603,765.3989809532995,760.5977327716791,612.6592731755044,7.0760000000000005,1.110425,28.40999984741211,101.91999816894533,5762.47998046875,18189.169921875,3.786,17.663333333333334
2024-10,2688.904349949049,21323.5,315.664,145957700,8369.94638833118,3456.7513263715828,2523.0754970074863,2507.7423438524934,2366.7596604810824,2300.384601521549,1070.233508804872,787.4448855168156,782.5053462454084,630.3057924451771,7.088118181818182,1.08945,29.809999465942383,104.63999938964844,5705.4501953125,18095.150390625,4.281,19.960869565217397
2024-11,2649.8150146484377,21424.3,315.493,152567400,8090.448272937181,3341.319824629408,2438.822287525344,2424.0011552616484,2287.7263149847204,2223.5677222995973,1034.4951378686503,761.1496918241263,756.3750988801171,609.257953792835,7.206284210526316,1.0621315789473684,27.920000076293945,108.06999969482422,6032.3798828125,19218.169921875,4.177,16.015238095238097
2024-12,2643.5809500558034,21441.8,315.605,115478400,8575.989918329133,3541.8464049498234,2585.1862152528884,2569.4756048412446,2425.022341324789,2357.013323099889,1096.579518665064,806.8294689254875,801.7683326854948,645.8220722907228,7.280695238095238,1.0472333333333337,26.32999992370605,108.58000183105467,5881.6298828125,19310.7890625,4.572,15.866190476190477
2025-01,2722.9476260230654,21511.0,317.671,141384500,8235.277307460932,3401.1335837575484,2482.4802240650047,2467.393775195371,2328.6794466624947,2263.3723357838776,1053.013880833512,774.7752130901956,769.9151490248101,620.1644250101212,7.2957,1.0355904761904762,28.51000022888184,110.18000030517578,6040.52978515625,19627.439453125,4.542,16.763636363636365
2025-02,2897.1157997532896,21584.2,319.082,178992600,7994.066180297763,3301.514441044841,2409.7684220635715,2395.1238550153835,2260.472466719964,2197.078199967741,1022.1711228265414,752.0820607566053,747.3643478820212,601.9998199339005,7.273431578947369,1.0413,28.309999465942383,109.87999725341795,5954.5,18847.279296875,4.202,16.968
2025-03,2986.4095284598216,21656.9,319.799,181005700,7959.297917340399,3287.1553001952584,2399.2877154650755,2384.7068414294977,2250.641086874185,2187.522538196684,1017.7254360403288,748.8110612096729,744.1138668894866,599.3815668987514,7.24925238095238,1.0813142857142857,30.989999771118164,107.55999755859376,5611.85009765625,17299.2890625,4.21,21.841428571428573
2025-04,3211.152367001488,21804.7,320.795,354296400,8211.983787787609,3391.5134618008674,2475.458517353865,2460.4147405741223,2322.092766156356,2256.970376740692,1050.0354262370583,772.5837578428817,767.7374404910183,618.410287086729,7.296781818181818,1.1231772727272729,29.600000381469727,104.37000274658205,5569.06005859375,17446.33984375,4.175,31.966190476190476
2025-05,3280.7380952380954,21883.9,321.465,235215100,8097.149308711044,3344.0873231562387,2440.842278858762,2426.0088707687887,2289.6211588005817,2225.409425793652,1035.3519740652223,761.7801255333733,757.0015779607644,609.7625808797583,7.216557142857143,1.1273666666666666,30.0,101.9800033569336,5911.68994140625,19113.76953125,4.418,20.46227272727273
2025-06,3353.9157843338817,22021.4,322.561,191373000,8249.64646037396,3407.067981194095,2486.8117282283,2471.6989560810607,2332.742594727248,2267.3215340898696,1054.8512102771156,776.1270635615855,771.2585195141526,621.2465060526281,7.18035,1.153365,32.810001373291016,99.41999816894533,6204.9501953125,20273.4609375,4.226,18.403333333333336
